Sample,Molecular Weight,Fluorescence,
D2827,10.0,15.919846737696044
D2827,10.1,14.395063716813892
D2827,10.2,13.173827025162165
D2827,10.3,8.8292898423753936
D2827,10.4,-0.051987930166767171
D2827,10.6,-8.5447643301180332
D2827,10.7,-11.635060884110434
D2827,10.8,-11.758512436475787
D2827,10.9,-10.396656410310389
D2827,11.1,-9.2222940421513755
D2827,11.2,-8.9848871468055336
D2827,11.3,-8.9156281534797621
D2827,11.4,-8.4252080650786123
D2827,11.6,-6.881561472791649
D2827,11.7,-6.1969326478777873
D2827,11.8,-7.1025539214965132
D2827,12.0,-8.6950964844478182
D2827,12.1,-10.178618771587335
D2827,12.2,-10.836763504769907
D2827,12.3,-10.03067319236613
D2827,12.5,-7.6807543023673484
D2827,12.6,-4.2718605617208549
D2827,12.8,-1.0160674354385528
D2827,12.9,1.6682071890172212
D2827,13.0,3.2245580335082211
D2827,13.2,3.6913919059421381
D2827,13.3,3.3653669290494417
D2827,13.4,2.5124961887144934
D2827,13.6,1.3126107223079186
D2827,13.7,-0.055449973723550983
D2827,13.9,-1.4080603605741762
D2827,14.0,-2.3638296705116115
D2827,14.1,-3.0622333735878011
D2827,14.3,-3.7320817747770225
D2827,14.4,-4.3061083219779341
D2827,14.6,-4.3173569606897653
D2827,14.7,-2.9065174705857726
D2827,14.9,1.3326436561467485
D2827,15.0,9.5983554864050884
D2827,15.2,20.242281458079717
D2827,15.3,31.426406148243949
D2827,15.5,41.104475680052978
D2827,15.6,47.876364712596207
D2827,15.8,50.991505894127656
D2827,15.9,50.041435578819559
D2827,16.1,44.792906098884806
D2827,16.2,35.117130507933659
D2827,16.4,23.398181230076489
D2827,16.6,12.317980558627028
D2827,16.7,3.6024916747671716
D2827,16.9,-2.06636239901766
D2827,17.0,-4.9164024798431392
D2827,17.2,-5.756102954698135
D2827,17.4,-5.5628291218632313
D2827,17.5,-4.93182361703485
D2827,17.7,-4.7685347462056926
D2827,17.8,-4.7513694384678846
D2827,18.0,-4.9817418425656035
D2827,18.2,-5.2795190661812264
D2827,18.3,-5.5052463159005969
D2827,18.5,-5.4422508078401366
D2827,18.7,-4.4715383068702668
D2827,18.8,-2.2658405230509313
D2827,19.0,-0.53360743929672649
D2827,19.2,-0.23534003855988075
D2827,19.3,-0.826772719043557
D2827,19.5,-1.1611562416084702
D2827,19.7,-0.87301896539800339
D2827,19.9,-0.66659845674349616
D2827,20.0,-1.4323240216915283
D2827,20.2,-2.3705859121562436
D2827,20.4,-2.870971792962977
D2827,20.6,-3.0582018210868935
D2827,20.7,-3.0688825611550206
D2827,20.9,-2.8724713762903247
D2827,21.1,-2.4767858616941547
D2827,21.3,-2.0101666709244941
D2827,21.5,-1.5975599198603925
D2827,21.6,-1.0444358442055264
D2827,21.8,0.32484087332020262
D2827,22.0,2.685698173708821
D2827,22.2,4.6845698265088949
D2827,22.4,5.0561327114518253
D2827,22.6,3.522424033245489
D2827,22.8,1.1301122213942509
D2827,22.9,-0.6138125303793418
D2827,23.1,-1.2386482792712441
D2827,23.3,-1.1580435348554823
D2827,23.5,-1.1658978642589661
D2827,23.7,-1.2821032160352281
D2827,23.9,-1.4041785994157288
D2827,24.1,-1.4335066111596757
D2827,24.3,-1.3573658427883506
D2827,24.5,-1.2820157355957282
D2827,24.7,-1.3504967918773367
D2827,24.9,-1.4652613506291969
D2827,25.1,-1.1012379188599963
D2827,25.3,0.0797578202754523
D2827,25.5,2.427290651464773
D2827,25.7,6.3047871285807862
D2827,25.9,11.782719862207856
D2827,26.1,18.5987670701213
D2827,26.3,26.217148530829231
D2827,26.5,33.96015276014618
D2827,26.7,41.511141251461417
D2827,26.9,48.32025331634302
D2827,27.1,54.430397775514137
D2827,27.3,59.844826355937357
D2827,27.5,64.15819893484435
D2827,27.7,66.685673455638863
D2827,27.9,66.767733029681025
D2827,28.1,64.107149905811241
D2827,28.3,58.979206167284488
D2827,28.5,51.689331211959917
D2827,28.8,43.542680498188204
D2827,29.0,36.0853145246193
D2827,29.2,29.989018541028177
D2827,29.4,25.549915301895027
D2827,29.6,22.608147635548889
D2827,29.8,20.818248146711223
D2827,30.1,20.056175701429673
D2827,30.3,20.22507260393153
D2827,30.5,21.44618417649756
D2827,30.7,23.585053133960749
D2827,30.9,26.4675350019416
D2827,31.2,30.256291695928464
D2827,31.4,35.203528712816308
D2827,31.6,41.6322393213114
D2827,31.8,49.826511482408719
D2827,32.0,59.712395344336919
D2827,32.3,70.4657664629894
D2827,32.5,80.441481569744852
D2827,32.7,88.5342197794264
D2827,33.0,94.2800606914184
D2827,33.2,97.496614632251408
D2827,33.4,98.312915488912964
D2827,33.6,96.963977410630932
D2827,33.9,93.600807272785588
D2827,34.1,88.391227617071834
D2827,34.3,81.6426476423109
D2827,34.6,74.147072863946335
D2827,34.8,66.701266975001019
D2827,35.0,59.912642834717964
D2827,35.3,54.451068710999138
D2827,35.5,51.239596600325847
D2827,35.8,50.718856207209292
D2827,36.0,51.827619617394596
D2827,36.2,52.303818765502072
D2827,36.5,49.538523915308147
D2827,36.7,44.9679920489397
D2827,37.0,40.2951198596888
D2827,37.2,36.6772054017817
D2827,37.4,34.294360283591054
D2827,37.7,32.593560011823953
D2827,37.9,30.989238373702673
D2827,38.2,29.127633929969573
D2827,38.4,27.652041246429043
D2827,38.7,26.924387294330977
D2827,38.9,26.972010542149658
D2827,39.2,27.709134053891425
D2827,39.4,29.060480097169481
D2827,39.7,31.110927099172507
D2827,39.9,34.697448108082881
D2827,40.2,39.170764935183783
D2827,40.4,43.768633720927269
D2827,40.7,48.301447821540989
D2827,41.0,53.132188823007567
D2827,41.2,58.909630135125568
D2827,41.5,66.058812758660238
D2827,41.7,73.940009480984557
D2827,42.0,82.614765654954923
D2827,42.2,93.008895453576613
D2827,42.5,106.25126707088617
D2827,42.8,122.71637596118987
D2827,43.0,141.77673928936358
D2827,43.3,162.12920998224431
D2827,43.6,182.55744276861915
D2827,43.8,199.47462739471271
D2827,44.1,210.97752395428765
D2827,44.4,216.16216846803462
D2827,44.6,214.5645190928353
D2827,44.9,206.22724996025926
D2827,45.2,191.78508047283279
D2827,45.4,172.61128244542803
D2827,45.7,151.27146856411196
D2827,46.0,130.99070584712393
D2827,46.3,113.07326335511272
D2827,46.5,97.614248581304039
D2827,46.8,83.691007546215261
D2827,47.1,70.252755172540091
D2827,47.3,57.014109193699817
D2827,47.6,44.952954127133538
D2827,47.9,37.718389347478634
D2827,48.2,33.191600767901093
D2827,48.5,28.899408063439928
D2827,48.7,24.010417301892872
D2827,49.0,19.085135981890577
D2827,49.3,15.195033949494196
D2827,49.6,12.638045322796758
D2827,49.9,10.65092954883869
D2827,50.2,8.7286263345156776
D2827,50.4,7.1040199604350081
D2827,50.7,5.8054035299956714
D2827,51.0,4.8396157418662122
D2827,51.3,4.3984166379325913
D2827,51.6,4.607180773227693
D2827,51.9,5.1999492669399237
D2827,52.2,5.6074995029230017
D2827,52.5,5.08622828116487
D2827,52.8,3.4840164356440306
D2827,53.0,1.4635167985256359
D2827,53.3,-0.42257837881405436
D2827,53.6,-1.6750441327629206
D2827,53.9,-2.0661630369978976
D2827,54.2,-1.8847876609851646
D2827,54.5,-1.6660764949541185
D2827,54.8,-1.656105980862929
D2827,55.1,-1.594737006040533
D2827,55.4,-0.83983953910872566
D2827,55.7,0.70819103819258022
D2827,56.0,3.198998913505593
D2827,56.3,7.2721205870262207
D2827,56.6,13.131141167093583
D2827,56.9,21.102011957426107
D2827,57.2,30.958965527412118
D2827,57.5,42.874492292554457
D2827,57.8,63.168708730400368
D2827,58.2,114.20821680897245
D2827,58.5,237.23745694827377
D2827,58.8,441.03161616988734
D2827,59.1,668.9025910035781
D2827,59.4,857.81017134377942
D2827,59.7,967.62777445794313
D2827,60.0,987.91568836820181
D2827,60.3,927.73529786852589
D2827,60.6,804.994392269648
D2827,61.0,642.09724041578556
D2827,61.3,464.36736253813683
D2827,61.6,300.64444565467011
D2827,61.9,176.8338448231581
D2827,62.2,97.001544173493727
D2827,62.5,53.745487889375219
D2827,62.9,34.7293263707212
D2827,63.2,29.001327888506161
D2827,63.5,29.670432536060236
D2827,63.8,33.718100788197006
D2827,64.2,40.4355628165491
D2827,64.5,49.851645200237854
D2827,64.8,62.565413846098828
D2827,65.1,80.078511298073266
D2827,65.5,104.82008910287647
D2827,65.8,139.70051629239646
D2827,66.1,186.67255428264872
D2827,66.4,244.41086606353014
D2827,66.8,306.45564629708497
D2827,67.1,362.51198986750546
D2827,67.4,402.36209459066129
D2827,67.8,417.77190309990522
D2827,68.1,403.30588465525619
D2827,68.4,365.06406782106313
D2827,68.8,313.59418671069983
D2827,69.1,259.96005759989038
D2827,69.4,212.49153302958305
D2827,69.8,175.34077516531733
D2827,70.1,148.79674808694895
D2827,70.5,130.88354086475212
D2827,70.8,119.38487113830411
D2827,71.1,112.82341305975216
D2827,71.5,110.76102049644669
D2827,71.8,111.78765440461658
D2827,72.2,115.06764015091271
D2827,72.5,119.63364824404135
D2827,72.8,124.53309697987361
D2827,73.2,129.14792708368805
D2827,73.5,133.33848652679129
D2827,73.9,137.238682758714
D2827,74.2,140.80639109156596
D2827,74.6,143.66413635715071
D2827,74.9,145.00902612190888
D2827,75.3,145.54301213167958
D2827,75.6,145.9173940250638
D2827,76.0,146.29900028139016
D2827,76.3,146.7313600286947
D2827,76.7,147.14198490466828
D2827,77.1,147.08443498913766
D2827,77.4,146.98256071006352
D2827,77.8,146.58272437422687
D2827,78.1,145.06164594286165
D2827,78.5,142.22967509506154
D2827,78.8,137.7345694783582
D2827,79.2,131.68045887829356
D2827,79.6,126.00949998613255
D2827,79.9,125.6008514652551
D2827,80.3,126.10524210136758
D2827,80.7,122.14340674535113
D2827,81.0,112.22806507651022
D2827,81.4,99.2422332941236
D2827,81.7,88.178605793029988
D2827,82.1,82.252974391426335
D2827,82.5,78.007070007506712
D2827,82.8,77.489332279775127
D2827,83.2,77.409522440092772
D2827,83.6,80.05749370058362
D2827,84.0,86.317823790306335
D2827,84.3,94.692308534784914
D2827,84.7,102.47466503442624
D2827,85.1,108.00247207642735
D2827,85.5,112.83832881291696
D2827,85.8,119.88766996607927
D2827,86.2,127.56710625256943
D2827,86.6,134.08109702690916
D2827,87.0,138.41211634282482
D2827,87.3,140.32015893199997
D2827,87.7,138.81584557769057
D2827,88.1,134.56990021495312
D2827,88.5,127.64322426544486
D2827,88.9,119.27027692087407
D2827,89.2,110.15781443533371
D2827,89.6,100.37453375548844
D2827,90.0,89.663312991179708
D2827,90.4,77.990384637551429
D2827,90.8,66.287527253224525
D2827,91.2,56.294797263147657
D2827,91.6,48.099720034035272
D2827,91.9,41.2733029171278
D2827,92.3,35.436120254848689
D2827,92.7,30.545452128735786
D2827,93.1,26.710679069744572
D2827,93.5,24.170157640815908
D2827,93.9,22.5194061290987
D2827,94.3,21.475783301221188
D2827,94.7,20.689452681138263
D2827,95.1,19.811486292890226
D2827,95.5,18.550727403311878
D2827,95.9,16.69112665516446
D2827,96.3,14.542042077648304
D2827,96.7,12.660861414367542
D2827,97.1,11.029736248281159
D2827,97.5,9.6189253520220515
D2827,97.9,8.4364657747562752
D2827,98.3,7.5155016411905429
D2827,98.7,6.8436564647341616
D2827,99.1,5.4395202497051089
D2827,99.5,4.0541559528489355
D2827,99.9,2.6575355547363513
D2827,100.3,2.1362542521819683
D2827,100.7,2.6745077126246604
D2827,101.1,1.6623903839988827
D2827,101.5,1.3788841823479072
D2827,101.9,0.777509702863765
D2827,102.3,0.36383967053209765
D2827,102.8,-0.12219554977651141
D2827,103.2,-0.4998360846930216
D2827,103.6,-1.0995514057193578
D2827,104.0,-1.6727220461210286
D2827,104.4,-1.6940651211068172
D2827,104.8,-1.8688101703517563
D2827,105.2,-1.1784383640936047
D2827,105.7,-1.1918315365194421
D2827,106.1,-1.1378534311989585
D2827,106.5,-1.2465053608342154
D2827,106.9,-0.73653523661604947
D2827,107.3,0.063723234253833416
D2827,107.8,3.5421336485364492
D2827,108.2,4.0093238312142816
D2827,108.6,7.1056325201395749
D2827,109.0,10.196283881763403
D2827,109.5,13.52599612675953
D2827,109.9,16.82982014634397
D2827,110.3,20.623531361317461
D2827,110.7,24.904105977306727
D2827,111.2,29.376276963040766
D2827,111.6,33.693323701006754
D2827,112.0,36.022118070383421
D2827,112.5,36.987771842725692
D2827,112.9,36.17858478211128
D2827,113.3,33.593459496649928
D2827,113.7,30.596272542728077
D2827,114.2,26.120389862263995
D2827,114.6,21.444542315545007
D2827,115.1,17.004233461893229
D2827,115.5,14.393207898719137
D2827,115.9,11.547222935378846
D2827,116.4,7.37399685914622
D2827,116.8,4.7236094397361876
D2827,117.2,2.6719362107236098
D2827,117.7,1.9154470674121531
D2827,118.1,1.2074514351287691
D2827,118.6,-0.0077865932610771682
D2827,119.0,-0.57830035478036712
D2827,119.5,-0.84153320677446775
D2827,119.9,-1.7719805808386331
D2827,120.3,-2.411687992344115
D2827,120.8,-2.7740754586061964
D2827,10.0,32.484553664679794
D2827,10.1,25.779166680189611
D2827,10.2,18.21645503998349
D2827,10.3,10.639194050703384
D2827,10.4,3.9746779885300247
D2827,10.6,-0.93327079434492877
D2827,10.7,-4.1747398220840637
D2827,10.8,-6.117554319253121
D2827,10.9,-7.3499080818319573
D2827,11.1,-8.19183677480553
D2827,11.2,-8.6434845347241254
D2827,11.3,-8.566172484056537
D2827,11.4,-7.9159013195512822
D2827,11.6,-6.9329837501583294
D2827,11.7,-5.9660114842772627
D2827,11.8,-5.444012669843989
D2827,12.0,-5.909511850174626
D2827,12.1,-7.3175369800337338
D2827,12.2,-8.9677322271516182
D2827,12.3,-9.8003401562297618
D2827,12.5,-8.9317083728226159
D2827,12.6,-6.4217121277996725
D2827,12.8,-2.9748904209087463
D2827,12.9,0.53106650694652657
D2827,13.0,3.1967207934494706
D2827,13.2,4.5232655237889556
D2827,13.3,4.4633006337445931
D2827,13.4,3.4726799745636652
D2827,13.6,2.40686042058085
D2827,13.7,1.6072429123193694
D2827,13.9,0.88521764985325624
D2827,14.0,0.15594966076257455
D2827,14.1,-0.53676641984552231
D2827,14.3,-1.0529104394080056
D2827,14.4,-1.2992124412340633
D2827,14.6,-1.130581807386319
D2827,14.7,-0.088633359377837784
D2827,14.9,2.86968982262314
D2827,15.0,10.457019211794721
D2827,15.2,22.490054550812587
D2827,15.3,36.70148015041125
D2827,15.5,49.929956486025375
D2827,15.6,59.930579006907195
D2827,15.8,65.611778873414565
D2827,15.9,66.4735094731675
D2827,16.1,61.959293669427524
D2827,16.2,51.045604412775063
D2827,16.4,36.240151942581335
D2827,16.6,21.076765057181376
D2827,16.7,8.4557166855595547
D2827,16.9,-0.20629187894369583
D2827,17.0,-5.0304996458448716
D2827,17.2,-7.048840618489157
D2827,17.4,-7.285612639435751
D2827,17.5,-6.5928670526525757
D2827,17.7,-6.0006392838642961
D2827,17.8,-5.836118035435133
D2827,18.0,-5.8422534753425017
D2827,18.2,-5.8694702770770988
D2827,18.3,-5.9481942817018574
D2827,18.5,-6.0857052771582989
D2827,18.7,-6.0527546972124648
D2827,18.8,-5.696082098199696
D2827,19.0,-5.1166002262286057
D2827,19.2,-4.410589517455894
D2827,19.3,-3.4295809162991997
D2827,19.5,-2.3511561059600958
D2827,19.7,-1.5507243779511077
D2827,19.9,-1.33062499058669
D2827,20.0,-1.7181216956948335
D2827,20.2,-2.5558260186549888
D2827,20.4,-3.5274918756761182
D2827,20.6,-3.9262803107940205
D2827,20.7,-3.8056647818449569
D2827,20.9,-3.4680199941967942
D2827,21.1,-3.1092933796628848
D2827,21.3,-2.6926874143528612
D2827,21.5,-2.069412348655
D2827,21.6,-1.2730015867648694
D2827,21.8,-0.32323505792185347
D2827,22.0,1.5341987265748935
D2827,22.2,3.8485968839526215
D2827,22.4,5.3190293642404347
D2827,22.6,4.9539054384591648
D2827,22.8,2.858269226157125
D2827,22.9,0.24268852596913515
D2827,23.1,-1.4072228217644807
D2827,23.3,-1.8290124379011594
D2827,23.5,-2.1020425758530932
D2827,23.7,-2.3932731056880181
D2827,23.9,-2.4373418988006956
D2827,24.1,-2.2417338464005088
D2827,24.3,-2.017167514575219
D2827,24.5,-2.0037093972878219
D2827,24.7,-2.2549185311031952
D2827,24.9,-2.3848541792749405
D2827,25.1,-2.1656756326547444
D2827,25.3,-1.2921554963271016
D2827,25.5,0.75030048043903452
D2827,25.7,4.3022117394698514
D2827,25.9,9.6145875341984759
D2827,26.1,16.669385271164558
D2827,26.3,25.047845694999651
D2827,26.5,34.033709412796604
D2827,26.7,42.983345441345818
D2827,26.9,51.387253287303842
D2827,27.1,59.199747623900315
D2827,27.3,66.407512595413579
D2827,27.5,72.613905917636089
D2827,27.7,77.113182046134753
D2827,27.9,79.181938423056252
D2827,28.1,78.322104723458281
D2827,28.3,74.257110182722641
D2827,28.5,66.797591193318752
D2827,28.8,57.20039424522885
D2827,29.0,47.381075166140533
D2827,29.2,38.689880955607357
D2827,29.4,31.806857489076883
D2827,29.6,26.681405021742794
D2827,29.8,22.963830738493613
D2827,30.1,20.573345608379004
D2827,30.3,19.656859364725676
D2827,30.5,20.609263596397053
D2827,30.7,22.5354941236656
D2827,30.9,24.941186854609654
D2827,31.2,27.990588033342437
D2827,31.4,32.153083322536951
D2827,31.6,38.092251415308972
D2827,31.8,46.382914069899812
D2827,32.0,57.006966253360268
D2827,32.3,69.2510648582578
D2827,32.5,81.9622660063572
D2827,32.7,93.646057729739
D2827,33.0,102.93178670486512
D2827,33.2,108.73273488289225
D2827,33.4,110.9045484979988
D2827,33.6,109.95809603274428
D2827,33.9,106.38757724510847
D2827,34.1,100.36972166142313
D2827,34.3,91.966049824142189
D2827,34.6,82.467422628248045
D2827,34.8,72.926461269575313
D2827,35.0,64.497824944279841
D2827,35.3,57.897933778707944
D2827,35.5,53.555369080449154
D2827,35.8,51.667084378849047
D2827,36.0,51.952882189503
D2827,36.2,53.175850248762494
D2827,36.5,52.643058645714632
D2827,36.7,49.122816079782872
D2827,37.0,43.962480910375568
D2827,37.2,38.602699527453964
D2827,37.4,34.118340932673426
D2827,37.7,31.190333223358106
D2827,37.9,30.252919542687707
D2827,38.2,29.698153701975755
D2827,38.4,27.876311933504333
D2827,38.7,25.530079804304886
D2827,38.9,24.022885129154961
D2827,39.2,24.121691994402006
D2827,39.4,25.590735370876242
D2827,39.7,27.537369306936053
D2827,39.9,30.643896029819864
D2827,40.2,35.497953772905888
D2827,40.4,40.922223816031746
D2827,40.7,46.436703282175245
D2827,41.0,52.368031638419417
D2827,41.2,59.299986631025838
D2827,41.5,67.474700137038553
D2827,41.7,76.417972602065831
D2827,42.0,85.746773407236873
D2827,42.2,96.668286463631233
D2827,42.5,110.58623229033881
D2827,42.8,128.115442426635
D2827,43.0,149.0892380335039
D2827,43.3,172.6263891621013
D2827,43.6,197.22328928158999
D2827,43.8,220.73419147480183
D2827,44.1,240.03627015837515
D2827,44.4,252.30265579815688
D2827,44.6,256.02312744475842
D2827,44.9,250.71741803312659
D2827,45.2,236.94084074366745
D2827,45.4,216.34528443492974
D2827,45.7,191.29775096112763
D2827,46.0,165.81998653603836
D2827,46.3,142.66362427904682
D2827,46.5,123.01505710722631
D2827,46.8,106.57974825952744
D2827,47.1,91.8939130526037
D2827,47.3,77.179756201353953
D2827,47.6,62.267171926342257
D2827,47.9,49.413441608385362
D2827,48.2,39.418951144598637
D2827,48.5,32.120746111538693
D2827,48.7,26.77514121054417
D2827,49.0,22.565215655915217
D2827,49.3,18.920490250405944
D2827,49.6,15.542386107803601
D2827,49.9,12.40415831184079
D2827,50.2,9.8903825495548077
D2827,50.4,7.7826335611250608
D2827,50.7,5.9024781068758525
D2827,51.0,4.3217004118962841
D2827,51.3,3.3755586211611397
D2827,51.6,3.3623002280358389
D2827,51.9,4.0747326661525154
D2827,52.2,4.7533026283538717
D2827,52.5,5.946715567940605
D2827,52.8,6.6846177486963185
D2827,53.0,5.7822733933810424
D2827,53.3,3.1637512731062851
D2827,53.6,0.31786643454944619
D2827,53.9,-1.0536825432768431
D2827,54.2,-1.2006871487069424
D2827,54.5,-1.3463435838806206
D2827,54.8,-1.7118830273829682
D2827,55.1,-2.2240852821273296
D2827,55.4,-2.0999403306149436
D2827,55.7,-0.89001999172546653
D2827,56.0,1.4936698343959107
D2827,56.3,4.93856297278619
D2827,56.6,9.5563957660488441
D2827,56.9,16.093732705014855
D2827,57.2,25.324724530572841
D2827,57.5,37.532964462930209
D2827,57.8,54.224036092135293
D2827,58.2,84.599906925928053
D2827,58.5,165.79766470884823
D2827,58.8,343.91404425929915
D2827,59.1,595.89548042927549
D2827,59.4,857.8573854197183
D2827,59.7,1062.3226691969842
D2827,60.0,1169.3632283371123
D2827,60.3,1171.6178862299823
D2827,60.6,1083.036458523203
D2827,61.0,926.40203767409525
D2827,61.3,731.01718955363731
D2827,61.6,529.22074140354448
D2827,61.9,350.501928564225
D2827,62.2,213.13786379231692
D2827,62.5,121.92132937540653
D2827,62.9,70.284003767864064
D2827,63.2,46.202544042516514
D2827,63.5,38.0340936053248
D2827,63.8,37.998441345651031
D2827,64.2,42.463372383951153
D2827,64.5,49.813175208870639
D2827,64.8,60.796811566356745
D2827,65.1,76.881949703087287
D2827,65.5,100.51034834402363
D2827,65.8,134.15264318759338
D2827,66.1,179.78446336619084
D2827,66.4,237.7433201682575
D2827,66.8,305.10084145413515
D2827,67.1,374.58446845235261
D2827,67.4,435.20905953985533
D2827,67.8,475.39921186451392
D2827,68.1,484.05777030134192
D2827,68.4,460.16640254662036
D2827,68.8,413.74868199717258
D2827,69.1,355.15603166429207
D2827,69.4,295.12933920895773
D2827,69.8,242.04045109127657
D2827,70.1,200.29382487373479
D2827,70.5,170.5708184094938
D2827,70.8,151.24814717631358
D2827,71.1,139.31773163532228
D2827,71.5,132.61742984575787
D2827,71.8,129.39457344104181
D2827,72.2,129.92832013908503
D2827,72.5,133.73757172766963
D2827,72.8,139.12598382221063
D2827,73.2,144.99937611098417
D2827,73.5,150.88520747771219
D2827,73.9,156.3286603909873
D2827,74.2,161.21743944136341
D2827,74.6,165.2198992100503
D2827,74.9,168.06565689371649
D2827,75.3,169.92191780538488
D2827,75.6,170.89564998986208
D2827,76.0,171.42705419705905
D2827,76.3,171.86426967287292
D2827,76.7,172.27706817954635
D2827,77.1,172.49032004161279
D2827,77.4,172.07689518666402
D2827,77.8,171.13260226865
D2827,78.1,169.30173226340662
D2827,78.5,166.1899803105826
D2827,78.8,161.58560024704289
D2827,79.2,155.54118564716634
D2827,79.6,148.35597748830247
D2827,79.9,140.48470267291896
D2827,80.3,132.04691916264287
D2827,80.7,123.37553455230825
D2827,81.0,114.63917724029329
D2827,81.4,106.15586711439389
D2827,81.7,98.272857966818577
D2827,82.1,91.130408655865267
D2827,82.5,85.239527453021083
D2827,82.8,81.2697867709409
D2827,83.2,79.301152188312884
D2827,83.6,79.414817318429
D2827,84.0,81.7146524675497
D2827,84.3,86.408722015592687
D2827,84.7,93.724500305198148
D2827,85.1,102.99085248084253
D2827,85.5,113.29146858335233
D2827,85.8,123.91228397706681
D2827,86.2,134.09389695599685
D2827,86.6,142.97488676576282
D2827,87.0,149.73805623485836
D2827,87.3,153.75982257297665
D2827,87.7,154.42518908494949
D2827,88.1,151.29647859539247
D2827,88.5,145.05858473580125
D2827,88.9,136.13184234034972
D2827,89.2,124.91105263938779
D2827,89.6,112.07368136813598
D2827,90.0,98.688100567772423
D2827,90.4,85.604479457061686
D2827,90.8,73.757943358388
D2827,91.2,62.951210661479379
D2827,91.6,53.391039357158078
D2827,91.9,45.297936975266076
D2827,92.3,38.720156386389071
D2827,92.7,33.458912106579582
D2827,93.1,29.228388565064698
D2827,93.5,25.949552110397917
D2827,93.9,23.775168950268768
D2827,94.3,22.350167392960195
D2827,94.7,21.470208832770197
D2827,95.1,20.9069263422754
D2827,95.5,20.267550226161898
D2827,95.9,18.969570112429722
D2827,96.3,16.937586330055911
D2827,96.7,14.746151833547845
D2827,97.1,12.778481859476136
D2827,97.5,11.119138058130259
D2827,97.9,9.7332120810202039
D2827,98.3,8.6195674992656635
D2827,98.7,7.9112166180460521
D2827,99.1,6.238090652239995
D2827,99.5,5.1314514543236207
D2827,99.9,3.8626838231845291
D2827,100.3,2.10391180613205
D2827,100.7,1.7708375133261467
D2827,101.1,1.5310533302183769
D2827,101.5,1.2973508622483343
D2827,101.9,1.1837206434564198
D2827,102.3,0.46111646396956729
D2827,102.8,-0.044722008575040079
D2827,103.2,-0.97218771584648556
D2827,103.6,-1.1551077700393753
D2827,104.0,-1.475838982549013
D2827,104.4,-1.790613693248426
D2827,104.8,-1.8452547587981791
D2827,105.2,-0.9728139693277752
D2827,105.7,-0.75703330227545751
D2827,106.1,-0.74337344764524171
D2827,106.5,-0.15599671796991832
D2827,106.9,0.45162107735632839
D2827,107.3,0.90835883018491392
D2827,107.8,2.4164718221157315
D2827,108.2,4.521669994297449
D2827,108.6,7.2843306042133289
D2827,109.0,10.623288100939085
D2827,109.5,14.298694063498257
D2827,109.9,17.655226502805327
D2827,110.3,21.983792498969756
D2827,110.7,26.617325696262093
D2827,111.2,31.456028642229693
D2827,111.6,35.789645335287773
D2827,112.0,38.450413940874647
D2827,112.5,39.458269814795187
D2827,112.9,39.596642002530494
D2827,113.3,37.337725355752944
D2827,113.7,33.745985982907641
D2827,114.2,29.645413961763637
D2827,114.6,24.790985447936727
D2827,115.1,20.3159035557728
D2827,115.5,16.011093710185012
D2827,115.9,12.118822129790754
D2827,116.4,8.75258462714214
D2827,116.8,6.0189320218129136
D2827,117.2,4.5890397612027769
D2827,117.7,3.1735508001492723
D2827,118.1,2.654324258182843
D2827,118.6,1.1452953402954049
D2827,119.0,0.24014979106246442
D2827,119.5,0.75380839090621321
D2827,119.9,0.27319044822714822
D2827,120.3,-0.60579626856347668
D2827,120.8,-1.47162768708087
D2857,10.0,-7.819323633538831
D2857,10.1,2.3856460620759146
D2857,10.2,25.042539179641953
D2857,10.3,50.299278125139942
D2857,10.4,55.576582954252125
D2857,10.6,30.625666900084322
D2857,10.7,7.1894441159071363
D2857,10.8,-3.8341158555701393
D2857,10.9,-5.7627959510116
D2857,11.1,-4.2824880938503718
D2857,11.2,-3.2723685751032083
D2857,11.3,-3.9586691369456264
D2857,11.4,-4.3149062711071533
D2857,11.6,-4.0809928822903707
D2857,11.7,-3.9810939349445964
D2857,11.8,-4.0704233119685611
D2857,12.0,-4.1576813224859386
D2857,12.1,-4.1345192033154943
D2857,12.2,-3.9260266962715749
D2857,12.3,-3.516661897187626
D2857,12.5,-3.0989266329618603
D2857,12.6,-2.6804609610165304
D2857,12.8,-2.0422489362342735
D2857,12.9,-1.0097987491364426
D2857,13.0,0.028716040095912665
D2857,13.2,0.62654411258728715
D2857,13.3,0.656180563064105
D2857,13.4,0.32413588525148063
D2857,13.6,-0.0868764237118898
D2857,13.7,-0.34931857668568977
D2857,13.9,-0.426510702960488
D2857,14.0,-0.47036660904132604
D2857,14.1,-0.32580935993572846
D2857,14.3,0.035889837386809842
D2857,14.4,0.73178922857633277
D2857,14.6,2.3032443550704014
D2857,14.7,5.8529743956334563
D2857,14.9,12.623126610644951
D2857,15.0,23.16256333160338
D2857,15.2,35.198149668846547
D2857,15.3,47.250833485937505
D2857,15.5,57.982173970192164
D2857,15.6,65.565031727857928
D2857,15.8,67.317906231832112
D2857,15.9,60.87417125605532
D2857,16.1,47.306755429382775
D2857,16.2,31.14566892985572
D2857,16.4,17.995113314443756
D2857,16.6,9.4350515805534325
D2857,16.7,4.5966451250726639
D2857,16.9,2.0362457471331332
D2857,17.0,0.6282726313644611
D2857,17.2,-0.099855371343870986
D2857,17.4,-0.12483857072445113
D2857,17.5,0.16939372608091954
D2857,17.7,-0.18451707857335864
D2857,17.8,-0.917667829293888
D2857,18.0,-1.5355781740492915
D2857,18.2,-1.6341585256293467
D2857,18.3,-1.3002843493163117
D2857,18.5,-1.0406851439377993
D2857,18.7,-1.2869593924012168
D2857,18.8,-1.8083418846427155
D2857,19.0,-2.17432089274849
D2857,19.2,-2.1904534482879954
D2857,19.3,-1.9922070971218666
D2857,19.5,-1.6845960077923543
D2857,19.7,-1.3070861626837964
D2857,19.9,-0.92844403539706466
D2857,20.0,-0.69597923986668764
D2857,20.2,-0.6241400666318444
D2857,20.4,-0.849139814958293
D2857,20.6,-1.1365607917893474
D2857,20.7,-1.2322556842214025
D2857,20.9,-1.181169996899968
D2857,21.1,-1.1501213163275814
D2857,21.3,-1.2135969461696055
D2857,21.5,-1.2850686016894577
D2857,21.6,-1.2645939322146542
D2857,21.8,-0.85390726652800675
D2857,22.0,0.13412517911831356
D2857,22.2,1.5063046432634588
D2857,22.4,2.6357350942332189
D2857,22.6,2.8067225776717244
D2857,22.8,1.9553752262091431
D2857,22.9,0.72606704788544851
D2857,23.1,-0.16800951418035648
D2857,23.3,-0.17825876187367565
D2857,23.5,-0.070682809953050971
D2857,23.7,0.0077304208662338017
D2857,23.9,0.13421587436518931
D2857,24.1,0.64029716728152164
D2857,24.3,0.97061210240881834
D2857,24.5,0.75218018141365006
D2857,24.7,1.0752216548312803
D2857,24.9,2.6199711126620002
D2857,25.1,3.2194584439085747
D2857,25.3,2.0864907109541106
D2857,25.5,0.56333731417408761
D2857,25.7,0.52180050043766235
D2857,25.9,2.0684319669727849
D2857,26.1,4.3914675848301723
D2857,26.3,7.0415849824845944
D2857,26.5,10.0526260384233
D2857,26.7,12.652243050701316
D2857,26.9,15.251225911572444
D2857,27.1,17.957150598182217
D2857,27.3,20.405638524982123
D2857,27.5,22.016942156561967
D2857,27.7,22.594044667174352
D2857,27.9,22.524900139059586
D2857,28.1,22.304852424727855
D2857,28.3,21.498050737867349
D2857,28.5,19.613592643513659
D2857,28.8,16.512296770350183
D2857,29.0,13.213992537178788
D2857,29.2,10.344112798882479
D2857,29.4,8.1119855071124736
D2857,29.6,6.321617317516564
D2857,29.8,4.6933198197534534
D2857,30.1,3.2187599988549773
D2857,30.3,1.9884936910373847
D2857,30.5,1.2018519711154347
D2857,30.7,0.53890385213352066
D2857,30.9,0.25739135219374631
D2857,31.2,0.41863684996808109
D2857,31.4,0.70934957897217077
D2857,31.6,0.70196065324309143
D2857,31.8,0.31406988128930718
D2857,32.0,0.11999695742813474
D2857,32.3,0.84698856924942656
D2857,32.5,2.579061133970681
D2857,32.7,4.479120391168486
D2857,33.0,5.4270305312763947
D2857,33.2,5.35050795293404
D2857,33.4,4.7842985932378843
D2857,33.6,4.408163709331582
D2857,33.9,4.6522994263088613
D2857,34.1,5.3385580381499125
D2857,34.3,5.8857667367781668
D2857,34.6,6.2648762518203789
D2857,34.8,6.37803872457909
D2857,35.0,6.17723488179264
D2857,35.3,5.9811309476266432
D2857,35.5,6.1369036610729646
D2857,35.8,6.792861511472541
D2857,36.0,7.83032792218621
D2857,36.2,8.6629696327165568
D2857,36.5,8.1050991820058869
D2857,36.7,6.4397491235947664
D2857,37.0,4.4636426153347166
D2857,37.2,2.9179822455619742
D2857,37.4,1.9275833456830795
D2857,37.7,1.1100184327723992
D2857,37.9,0.16370973473093739
D2857,38.2,-0.578011258094189
D2857,38.4,-0.8721197667827193
D2857,38.7,-1.0258853603590743
D2857,38.9,-1.2325007182448167
D2857,39.2,-1.4457914902508062
D2857,39.4,-1.6090123573745234
D2857,39.7,-1.8351368120661564
D2857,39.9,-1.7166280944411063
D2857,40.2,-1.1680146652074672
D2857,40.4,-0.38015797609983837
D2857,40.7,0.47465176956349769
D2857,41.0,1.3296770052149056
D2857,41.2,2.3142804027336967
D2857,41.5,3.6314622054591146
D2857,41.7,5.0352365539698622
D2857,42.0,6.5479142937261807
D2857,42.2,7.9458283742810911
D2857,42.5,9.2321958442455969
D2857,42.8,10.59521117053399
D2857,43.0,12.028556706147588
D2857,43.3,13.327555501662584
D2857,43.6,14.456197224254353
D2857,43.8,15.351618865914615
D2857,44.1,15.910841097440873
D2857,44.4,16.1482894129575
D2857,44.6,15.995515661926056
D2857,44.9,15.644653757022999
D2857,45.2,15.380939473394346
D2857,45.4,15.231596905596
D2857,45.7,15.046029742048686
D2857,46.0,14.42896953959082
D2857,46.3,13.279589358525524
D2857,46.5,12.067450591977087
D2857,46.8,11.104007064276718
D2857,47.1,10.31474310558562
D2857,47.3,9.2114547507484712
D2857,47.6,6.9418481236884038
D2857,47.9,4.2485153950194183
D2857,48.2,2.2324889320287955
D2857,48.5,0.96774808974756754
D2857,48.7,0.17722256584932877
D2857,49.0,-0.48490478414898885
D2857,49.3,-1.1945221804803345
D2857,49.6,-1.7809722691608547
D2857,49.9,-2.2571941137913525
D2857,50.2,-2.7685215563763288
D2857,50.4,-3.1082634924789168
D2857,50.7,-3.4238946040599525
D2857,51.0,-3.7409129539680719
D2857,51.3,-3.9760259001771958
D2857,51.6,-3.9744095174498142
D2857,51.9,-3.6585997055553081
D2857,52.2,-3.3190954352218767
D2857,52.5,-3.2133629969552349
D2857,52.8,-3.183004146446863
D2857,53.0,-2.7232729141687773
D2857,53.3,-2.0963426698198404
D2857,53.6,-1.6005624665646714
D2857,53.9,-1.2680838329496136
D2857,54.2,-0.97443034018640051
D2857,54.5,-0.62748048396947331
D2857,54.8,-0.28227632624571752
D2857,55.1,-0.14174830785889686
D2857,55.4,-0.33370150887500027
D2857,55.7,-0.55549824834582517
D2857,56.0,-0.43997089712826354
D2857,56.3,-0.26697367551927154
D2857,56.6,-0.21628729214290712
D2857,56.9,-0.061965800952333061
D2857,57.2,0.5533330459178798
D2857,57.5,1.7474899610950092
D2857,57.8,3.379548391969089
D2857,58.2,5.5243817236027137
D2857,58.5,8.803607349939071
D2857,58.8,15.472288692046185
D2857,59.1,27.905952861661184
D2857,59.4,48.845088513104152
D2857,59.7,79.4488254942546
D2857,60.0,117.25345037326258
D2857,60.3,155.13681904487146
D2857,60.6,182.29471303266686
D2857,61.0,187.86795606252235
D2857,61.3,166.94151446056864
D2857,61.6,125.83263124243813
D2857,61.9,81.550659651819785
D2857,62.2,48.171673695778281
D2857,62.5,27.324961618401716
D2857,62.9,15.522442407386983
D2857,63.2,8.66044958425061
D2857,63.5,4.32029685411868
D2857,63.8,2.0815236460049387
D2857,64.2,2.0682697307868638
D2857,64.5,2.2555067000637017
D2857,64.8,2.5267028692485347
D2857,65.1,3.4153508514720023
D2857,65.5,5.2413974301330608
D2857,65.8,7.819163112419333
D2857,66.1,11.024314965625699
D2857,66.4,14.900559071286807
D2857,66.8,19.615668373698732
D2857,67.1,25.203968097754849
D2857,67.4,31.198055557672742
D2857,67.8,36.533394896046374
D2857,68.1,39.671235500010567
D2857,68.4,40.152632559331444
D2857,68.8,38.324045500575814
D2857,69.1,34.160298804654481
D2857,69.4,28.478428488373716
D2857,69.8,22.621627146426665
D2857,70.1,17.840850835148043
D2857,70.5,14.724030195923055
D2857,70.8,12.942254853068089
D2857,71.1,11.73127533422848
D2857,71.5,11.117597238410244
D2857,71.8,11.516660093118638
D2857,72.2,12.593578380600667
D2857,72.5,14.022281210763488
D2857,72.8,15.642419542580932
D2857,73.2,17.360588904303068
D2857,73.5,19.039560669531234
D2857,73.9,20.475710696745054
D2857,74.2,21.533415319615788
D2857,74.6,22.562178475476287
D2857,74.9,23.518254179458687
D2857,75.3,24.14510676327675
D2857,75.6,24.563777954316983
D2857,76.0,24.627410624402248
D2857,76.3,24.222087122944117
D2857,76.7,23.43171125195801
D2857,77.1,22.568151948302415
D2857,77.4,21.9798659737865
D2857,77.8,21.639449806466292
D2857,78.1,21.289101249554925
D2857,78.5,20.87112594144428
D2857,78.8,20.320334308025323
D2857,79.2,19.520815989170259
D2857,79.6,18.382077483992102
D2857,79.9,17.350577774197038
D2857,80.3,16.558541288057572
D2857,80.7,15.61590312314015
D2857,81.0,14.37336696757728
D2857,81.4,12.886219314402119
D2857,81.7,11.374749762622514
D2857,82.1,10.13449336527183
D2857,82.5,9.2609960221897438
D2857,82.8,8.4383694301529175
D2857,83.2,7.3966165419360053
D2857,83.6,6.1579040351302377
D2857,84.0,4.9582737591882449
D2857,84.3,4.0745617787440978
D2857,84.7,3.6075652606714459
D2857,85.1,3.2343668946078719
D2857,85.5,3.0101183056053085
D2857,85.8,2.7079574126956536
D2857,86.2,2.4829576765962917
D2857,86.6,2.395242493274401
D2857,87.0,2.3965203372736781
D2857,87.3,2.3949182100419164
D2857,87.7,2.164205591887733
D2857,88.1,1.6203475864531205
D2857,88.5,1.2019873105552059
D2857,88.9,0.93610731444899342
D2857,89.2,0.80993796799348816
D2857,89.6,0.75624354111848935
D2857,90.0,0.65379759853263431
D2857,90.4,0.51642110788342133
D2857,90.8,0.41855680931830158
D2857,91.2,0.16502405379804908
D2857,91.6,-0.13906329656275188
D2857,91.9,-0.30163141786871739
D2857,92.3,-0.26708628692037167
D2857,92.7,-0.18595602789488003
D2857,93.1,-0.16129349253643507
D2857,93.5,-0.27089029097107425
D2857,93.9,-0.44240308642762183
D2857,94.3,-0.66078535309865716
D2857,94.7,-0.9100954776143888
D2857,95.1,-1.1487025464147782
D2857,95.5,-1.3403796895093056
D2857,95.9,-1.5765774771837711
D2857,96.3,-1.9521483851376427
D2857,96.7,-2.193763569632631
D2857,97.1,-2.0305055236088325
D2857,97.5,-1.6679455626283075
D2857,97.9,-1.3770318772537822
D2857,98.3,-1.2678752782587757
D2857,98.7,-1.3171858742499683
D2857,99.1,-0.88384814678408485
D2857,99.5,-0.1271149568433799
D2857,99.9,-0.37177068068353708
D2857,100.3,-0.528272103105736
D2857,100.7,-0.50657465617589159
D2857,101.1,-0.98688139825445853
D2857,101.5,-1.4936344520167257
D2857,101.9,-1.2554142759083362
D2857,102.3,-2.0112138594331
D2857,102.8,-2.7166438287538579
D2857,103.2,-3.3831411305518557
D2857,103.6,-2.993556289039307
D2857,104.0,-2.2734826322963437
D2857,104.4,-2.06680392386592
D2857,104.8,-2.1132092796828719
D2857,105.2,-1.3090327119214829
D2857,105.7,-0.14966563898246885
D2857,106.1,1.3480084723286212
D2857,106.5,2.0648490264980168
D2857,106.9,2.3391134842565808
D2857,107.3,1.6870780942783541
D2857,107.8,0.054084593092444733
D2857,108.2,0.002890540899175599
D2857,108.6,0.76721856839080471
D2857,109.0,1.4933801353671174
D2857,109.5,2.3313190520444063
D2857,109.9,4.7020250423483052
D2857,110.3,6.1987476319402042
D2857,110.7,4.3039692742487023
D2857,111.2,2.8081116408428093
D2857,111.6,0.91354186502025336
D2857,112.0,0.82483786499801526
D2857,112.5,0.5906442754618294
D2857,112.9,1.2600468019348374
D2857,113.3,2.1475057411900664
D2857,113.7,2.1617742532587654
D2857,114.2,1.7327422738143183
D2857,114.6,1.2604074357528348
D2857,115.1,1.3957663457414755
D2857,115.5,0.96076514671278823
D2857,115.9,-0.29620104304305445
D2857,116.4,-0.04644464558806706
D2857,116.8,-0.82208991857850677
D2857,117.2,-0.78831890149870787
D2857,117.7,-0.75769656131911867
D2857,118.1,0.18698348962264411
D2857,118.6,0.52840034974082917
D2857,119.0,-0.45573991940924652
D2857,119.5,-0.62712856811692075
D2857,119.9,-0.903050859832713
D2857,120.3,-1.0532341231661206
D2857,120.8,-1.3714113825686245
D2857,10.0,-1.2585396017847301
D2857,10.1,-1.3289721733160504
D2857,10.2,-1.6258819006850234
D2857,10.3,-1.9824276549411397
D2857,10.4,-2.3178815950527172
D2857,10.6,-2.858361369870777
D2857,10.7,-3.2107563048623939
D2857,10.8,-3.2316180653154905
D2857,10.9,-3.0994099107754938
D2857,11.1,-2.8972450756552077
D2857,11.2,-2.6367833289911977
D2857,11.3,-2.3363033168448908
D2857,11.4,-1.9114207728661266
D2857,11.6,-1.7645024925181079
D2857,11.7,-1.360133120700272
D2857,11.8,-0.52308407110404875
D2857,12.0,0.21652857192630159
D2857,12.1,0.37384425143931344
D2857,12.2,-0.0090030522868767
D2857,12.3,-0.40436871494379911
D2857,12.5,-0.34585782631143525
D2857,12.6,0.19266180816667095
D2857,12.8,1.2277365255432156
D2857,12.9,2.7067711408210817
D2857,13.0,4.2470457000658808
D2857,13.2,5.414648117054309
D2857,13.3,5.9522715783419828
D2857,13.4,5.8351105989374847
D2857,13.6,5.2165734016112841
D2857,13.7,4.527121363813797
D2857,13.9,4.1747719260529363
D2857,14.0,4.1297957962184393
D2857,14.1,4.2423368451329946
D2857,14.3,4.6074472916138491
D2857,14.4,5.3196387519568873
D2857,14.6,6.5316666436419091
D2857,14.7,8.783660204063672
D2857,14.9,13.448038848379538
D2857,15.0,22.683473603735898
D2857,15.2,35.442230575170385
D2857,15.3,50.1219618863209
D2857,15.5,64.857061426884528
D2857,15.6,77.586925986770808
D2857,15.8,85.52132151264405
D2857,15.9,85.515328873478609
D2857,16.1,76.08918520570279
D2857,16.2,55.150444330049154
D2857,16.4,36.761352342999231
D2857,16.6,29.846507224990102
D2857,16.7,31.896173792370167
D2857,16.9,33.743052007863952
D2857,17.0,28.00027609396777
D2857,17.2,15.4185694646042
D2857,17.4,5.0921307757417118
D2857,17.5,2.35110999950994
D2857,17.7,2.9004321494953134
D2857,17.8,2.7457521795388389
D2857,18.0,1.8841814217211987
D2857,18.2,1.239454004779575
D2857,18.3,1.0187206874294728
D2857,18.5,0.73718723249557727
D2857,18.7,0.27155789486058474
D2857,18.8,-0.32020872229217523
D2857,19.0,-0.718985566443419
D2857,19.2,-0.732421133223611
D2857,19.3,-1.1864603853020443
D2857,19.5,-1.5345238470022735
D2857,19.7,-1.4685508880830975
D2857,19.9,-1.2303620735439238
D2857,20.0,-1.0784205173883659
D2857,20.2,-1.0833278997170639
D2857,20.4,-1.0753460276039328
D2857,20.6,-0.90539641712136687
D2857,20.7,-0.93332715294993762
D2857,20.9,-1.07488671523453
D2857,21.1,-1.226360478176024
D2857,21.3,-1.3558126198265477
D2857,21.5,-1.4860744670400525
D2857,21.6,-1.6819340091339488
D2857,21.8,-1.3292118122868784
D2857,22.0,-0.35017685087333239
D2857,22.2,0.77531883996941409
D2857,22.4,1.7301097101454557
D2857,22.6,2.1614252707513617
D2857,22.8,1.8951097118042912
D2857,22.9,1.0000723772270359
D2857,23.1,-0.26801187866863779
D2857,23.3,-0.89455410268861624
D2857,23.5,-1.0200340154164818
D2857,23.7,-1.2371268986818131
D2857,23.9,-1.5925235008452265
D2857,24.1,-1.8664837343538485
D2857,24.3,-1.8841396792386518
D2857,24.5,-1.709623816403286
D2857,24.7,-1.5698429369858178
D2857,24.9,-1.3672382647422581
D2857,25.1,-1.38227618316947
D2857,25.3,-1.6539940904972361
D2857,25.5,-1.4993403719943357
D2857,25.7,-0.72062276211904963
D2857,25.9,0.53126133274823817
D2857,26.1,2.0427513506533819
D2857,26.3,3.8010254695530246
D2857,26.5,6.0491374629167067
D2857,26.7,8.79094158966273
D2857,26.9,11.703414023088737
D2857,27.1,14.742978143624129
D2857,27.3,17.656349498951077
D2857,27.5,20.070884848834321
D2857,27.7,21.748834353485744
D2857,27.9,22.660038769683108
D2857,28.1,22.887010612136656
D2857,28.3,22.451162594357893
D2857,28.5,21.175417838618557
D2857,28.8,18.957405470986238
D2857,29.0,15.932031763626394
D2857,29.2,12.667262566885022
D2857,29.4,9.80546325863912
D2857,29.6,7.5324667940304062
D2857,29.8,5.5780329724405053
D2857,30.1,3.6696859083311217
D2857,30.3,1.9228601548494533
D2857,30.5,0.7169751160586022
D2857,30.7,-0.055639532431143057
D2857,30.9,-0.630578111629772
D2857,31.2,-0.95770271151983211
D2857,31.4,-1.0199549087372168
D2857,31.6,-0.9140113171469566
D2857,31.8,-0.73642225077059342
D2857,32.0,-0.41115674359649179
D2857,32.3,0.18774476359134873
D2857,32.5,1.1142038468445983
D2857,32.7,2.2406180909514659
D2857,33.0,3.0402817315921906
D2857,33.2,3.2923903218331891
D2857,33.4,3.3002891002388219
D2857,33.6,3.4995596183258209
D2857,33.9,3.9838869105008081
D2857,34.1,4.5054685702058324
D2857,34.3,5.0288148032067141
D2857,34.6,5.6212935461254006
D2857,34.8,6.1449131554684753
D2857,35.0,6.4683360825781131
D2857,35.3,6.495090771953441
D2857,35.5,6.401653203501807
D2857,35.8,6.4807420165347578
D2857,36.0,6.9250585354073335
D2857,36.2,8.4295633128766685
D2857,36.5,9.8925966191545864
D2857,36.7,10.168392569742387
D2857,37.0,9.3547984747332986
D2857,37.2,7.9410157963994754
D2857,37.4,6.3635602307646089
D2857,37.7,4.7699381528349294
D2857,37.9,3.0428010593133812
D2857,38.2,2.0980490306085913
D2857,38.4,1.6849953193469391
D2857,38.7,1.3690428207480581
D2857,38.9,0.86375133317537789
D2857,39.2,0.27764106052047355
D2857,39.4,-0.19204202644667992
D2857,39.7,-0.62289541654636116
D2857,39.9,-1.0675064181958067
D2857,40.2,-1.5339701490163569
D2857,40.4,-1.7161656454811847
D2857,40.7,-1.3800378349532423
D2857,41.0,-0.60145373379083056
D2857,41.2,0.42033956227176728
D2857,41.5,1.5571957588579459
D2857,41.7,2.813279622793778
D2857,42.0,4.2255305417009552
D2857,42.2,5.7726479218860289
D2857,42.5,7.2928953461737942
D2857,42.8,8.7000764570955482
D2857,43.0,10.011298610607932
D2857,43.3,11.322585108035737
D2857,43.6,12.739729975338163
D2857,43.8,14.253768817122275
D2857,44.1,15.365293540050518
D2857,44.4,15.934257271625743
D2857,44.6,15.960300600861302
D2857,44.9,15.601120630419107
D2857,45.2,15.158222461936925
D2857,45.4,15.0057511281774
D2857,45.7,15.318954742358788
D2857,46.0,15.351057555467355
D2857,46.3,14.472870832967359
D2857,46.5,12.973184950240839
D2857,46.8,11.500348904480688
D2857,47.1,10.493415485225913
D2857,47.3,9.77263503213017
D2857,47.6,8.5320245702929061
D2857,47.9,6.0118581354419076
D2857,48.2,3.0146372043120251
D2857,48.5,0.3341543223029384
D2857,48.7,-1.6555294265469052
D2857,49.0,-2.9610771112344816
D2857,49.3,-3.7896119860114932
D2857,49.6,-4.2799266514430183
D2857,49.9,-4.6024846510216042
D2857,50.2,-5.0058550783892395
D2857,50.4,-5.5346075474884273
D2857,50.7,-6.0502726007127308
D2857,51.0,-6.4560748057574333
D2857,51.3,-6.7958433276439525
D2857,51.6,-7.0412580071972721
D2857,51.9,-7.1056216503611678
D2857,52.2,-7.2691748458606131
D2857,52.5,-7.3758365975832847
D2857,52.8,-6.7296480499635889
D2857,53.0,-5.8494519588726748
D2857,53.3,-5.3306940398493632
D2857,53.6,-5.2189923203842454
D2857,53.9,-5.0573768750609718
D2857,54.2,-4.5236346896952337
D2857,54.5,-3.8244627739965389
D2857,54.8,-3.3776538510803724
D2857,55.1,-3.0382375398855674
D2857,55.4,-2.6846337607085391
D2857,55.7,-2.4660355196485511
D2857,56.0,-2.5992189058436357
D2857,56.3,-3.0601913485192895
D2857,56.6,-3.5625747363420404
D2857,56.9,-3.7414515533879245
D2857,57.2,-3.4231044215255331
D2857,57.5,-2.7117135812477642
D2857,57.8,-1.7119890227602697
D2857,58.2,-0.0374956994681358
D2857,58.5,2.6212219713336053
D2857,58.8,6.6548226675312421
D2857,59.1,13.663561698991522
D2857,59.4,26.368538150551693
D2857,59.7,47.478044431716981
D2857,60.0,78.056540441881168
D2857,60.3,116.10705618801269
D2857,60.6,155.40975224595059
D2857,61.0,185.65879501401577
D2857,61.3,195.46441811996419
D2857,61.6,176.44416293263416
D2857,61.9,135.7975662670309
D2857,62.2,90.004030461400518
D2857,62.5,51.040401128550606
D2857,62.9,24.339818716019664
D2857,63.2,9.3253343091212066
D2857,63.5,2.204054703928183
D2857,63.8,-0.92175773100030511
D2857,64.2,-2.2575066795962759
D2857,64.5,-2.6794255188788219
D2857,64.8,-2.4135561369149023
D2857,65.1,-1.7479506025436606
D2857,65.5,-0.70511719203154544
D2857,65.8,0.75341721616484969
D2857,66.1,2.8131304061091944
D2857,66.4,5.74796149646108
D2857,66.8,9.6529952578050526
D2857,67.1,14.410141926131933
D2857,67.4,19.885370734708811
D2857,67.8,25.703338550011186
D2857,68.1,30.99050914377548
D2857,68.4,34.786766052130936
D2857,68.8,36.366831720287649
D2857,69.1,35.150466181438013
D2857,69.4,31.044466359472182
D2857,69.8,25.09090999438758
D2857,70.1,18.892229922729289
D2857,70.5,13.615796585188576
D2857,70.8,9.6404082391972636
D2857,71.1,7.04752878448136
D2857,71.5,6.0385412623484225
D2857,71.8,6.098647382809296
D2857,72.2,6.5460333277157154
D2857,72.5,7.2304486872891047
D2857,72.8,8.3509377451697926
D2857,73.2,9.835978944143001
D2857,73.5,11.369419316183464
D2857,73.9,12.774977429111765
D2857,74.2,14.126718184700192
D2857,74.6,15.414358415131673
D2857,74.9,16.47181310282728
D2857,75.3,17.223607074766434
D2857,75.6,17.702503829087245
D2857,76.0,17.851028801962304
D2857,76.3,17.642214212393888
D2857,76.7,17.190177591329782
D2857,77.1,16.829761216345421
D2857,77.4,16.644780258723397
D2857,77.8,16.485003717828658
D2857,78.1,16.222826303384988
D2857,78.5,15.934844630109943
D2857,78.8,15.669261989131545
D2857,79.2,15.321442635566541
D2857,79.6,14.627241575540644
D2857,79.9,13.979530073699614
D2857,80.3,12.794538772971691
D2857,80.7,12.201289476440911
D2857,81.0,11.877879083357266
D2857,81.4,11.232253414879274
D2857,81.7,9.9022496527830537
D2857,82.1,7.9758305881739577
D2857,82.5,6.24182575284758
D2857,82.8,5.4956747010369558
D2857,83.2,4.6015973423722825
D2857,83.6,3.5494912041037074
D2857,84.0,2.4630515032393152
D2857,84.3,1.4759434620113738
D2857,84.7,0.76757519180419465
D2857,85.1,0.13605116941452622
D2857,85.5,-0.32349858841395934
D2857,85.8,-0.576220679175109
D2857,86.2,-0.70977468723437021
D2857,86.6,-0.7735338046914092
D2857,87.0,-0.78386364917084239
D2857,87.3,-0.74933856713450908
D2857,87.7,-0.58078199816201392
D2857,88.1,-0.7628169990044581
D2857,88.5,-1.0855601585013019
D2857,88.9,-1.3960602527129187
D2857,89.2,-1.5972973698692543
D2857,89.6,-1.601253618934537
D2857,90.0,-1.3469725708304225
D2857,90.4,-1.0932956899166808
D2857,90.8,-1.1093956028712015
D2857,91.2,-1.2858392093013451
D2857,91.6,-1.4502234580019235
D2857,91.9,-1.4959959910035299
D2857,92.3,-1.431730339576704
D2857,92.7,-1.3672340790328887
D2857,93.1,-1.4112777711850861
D2857,93.5,-1.4410652987485182
D2857,93.9,-1.5569706446634883
D2857,94.3,-1.6538522630631667
D2857,94.7,-1.6872093635307435
D2857,95.1,-1.7372780861370385
D2857,95.5,-1.93241860528006
D2857,95.9,-2.1704684542348631
D2857,96.3,-2.4757769881276657
D2857,96.7,-2.4736632069170046
D2857,97.1,-2.30044626154477
D2857,97.5,-2.1767874722388525
D2857,97.9,-2.0915596126974276
D2857,98.3,-1.8150363409375345
D2857,98.7,-1.2864336970196226
D2857,99.1,-0.902697202469438
D2857,99.5,-0.59101229904287744
D2857,99.9,-0.9070068451002774
D2857,100.3,0.083855118869655521
D2857,100.7,-0.301341342522255
D2857,101.1,-0.34025044182961167
D2857,101.5,-0.65183024722116423
D2857,101.9,-1.1847764999627899
D2857,102.3,-1.5090170176714193
D2857,102.8,-1.7929599151315165
D2857,103.2,-2.009621104139693
D2857,103.6,-2.1677647151110597
D2857,104.0,-1.8065016116729902
D2857,104.4,-1.111600200654238
D2857,104.8,-0.42526988275192268
D2857,105.2,-0.16398999782332663
D2857,105.7,-0.71243366614062775
D2857,106.1,0.60810610614224891
D2857,106.5,1.4084670880990247
D2857,106.9,2.0011720342097812
D2857,107.3,1.0280122773704639
D2857,107.8,0.25218609662548963
D2857,108.2,-0.15583853090808966
D2857,108.6,0.13483281305526093
D2857,109.0,0.44513304462591152
D2857,109.5,1.1319025842090069
D2857,109.9,1.5489987402378995
D2857,110.3,1.2677543917230192
D2857,110.7,1.3239773152833998
D2857,111.2,0.74022275984585761
D2857,111.6,1.0822199518278921
D2857,112.0,0.92413175450811735
D2857,112.5,0.86265526931972158
D2857,112.9,0.98371494692856709
D2857,113.3,1.2187059445309432
D2857,113.7,1.7962750822528728
D2857,114.2,1.840221704837133
D2857,114.6,0.93591816716388421
D2857,115.1,0.56856169019294178
D2857,115.5,-0.23510079937377415
D2857,115.9,0.24864249245824588
D2857,116.4,0.088894909330363592
D2857,116.8,0.53259118636324754
D2857,117.2,-0.62975236065621809
D2857,117.7,0.19046796356550025
D2857,118.1,0.65267496292085192
D2857,118.6,0.26486918478957755
D2857,119.0,0.26842062004545147
D2857,119.5,-0.76064486022635047
D2857,119.9,-1.2244042101645156
D2857,120.3,-1.6437979423893925
D2857,120.8,-2.0378223822744861
